{
    "sfxVolume": 0.3458028733730316,
    "bgmVoulme": 0.43340003490448,
    "isFullScreen": true
}