{
    "sfxVolume": 0.28725671768188479,
    "bgmVoulme": 0.17638514935970307,
    "isFullScreen": true
}