{
    "sfxVolume": 0.708335280418396,
    "bgmVoulme": 0.5833352208137512,
    "isFullScreen": true
}