{
    "sfxVolume": 0.3185606896877289,
    "bgmVoulme": 0.49232107400894167,
    "isFullScreen": true
}