{
    "sfxVolume": 0.5592524409294128,
    "bgmVoulme": 0.7774252891540527,
    "isFullScreen": true
}