{
    "playerStateData": {
        "damageState": {
            "instanceID": 30848
        },
        "healthState": {
            "instanceID": 30854
        },
        "defenseState": {
            "instanceID": 30964
        },
        "damageLevel": 3,
        "healthLevel": 6,
        "defenseLevel": 0
    },
    "inventoryData": {
        "count": 30,
        "itemIds": [
            9001,
            9001,
            9002,
            0,
            9001,
            0,
            0,
            0,
            0,
            0,
            0,
            9002,
            0,
            9002,
            0,
            0,
            0,
            0,
            0,
            0,
            0,
            0,
            9003,
            0,
            0,
            0,
            9003,
            0,
            0,
            0
        ],
        "stacks": [
            10,
            7,
            2,
            0,
            10,
            0,
            0,
            0,
            0,
            0,
            0,
            10,
            0,
            10,
            0,
            0,
            0,
            0,
            0,
            0,
            0,
            0,
            7,
            0,
            0,
            0,
            10,
            0,
            0,
            0
        ]
    },
    "gold": 11140,
    "position": {
        "x": -3.889436960220337,
        "y": 3.542008638381958,
        "z": 0.0
    },
    "playerSpriteFlip": true
}