{
    "sfxVolume": 0.16653890907764436,
    "bgmVoulme": 0.30180618166923525,
    "isFullScreen": true
}