{
    "playerStateData": {
        "damageState": {
            "instanceID": 30836
        },
        "healthState": {
            "instanceID": 30842
        },
        "defenseState": {
            "instanceID": 30950
        },
        "damageLevel": 3,
        "healthLevel": 6,
        "defenseLevel": 0
    },
    "inventoryData": {
        "count": 30,
        "itemIds": [
            9001,
            0,
            9002,
            0,
            9001,
            0,
            0,
            0,
            0,
            0,
            0,
            9002,
            0,
            9002,
            0,
            0,
            0,
            0,
            0,
            0,
            0,
            0,
            9003,
            0,
            0,
            0,
            9003,
            0,
            0,
            0
        ],
        "stacks": [
            10,
            0,
            2,
            0,
            9,
            0,
            0,
            0,
            0,
            0,
            0,
            10,
            0,
            10,
            0,
            0,
            0,
            0,
            0,
            0,
            0,
            0,
            6,
            0,
            0,
            0,
            10,
            0,
            0,
            0
        ]
    },
    "gold": 11140,
    "position": {
        "x": 5.004753589630127,
        "y": -0.33349567651748659,
        "z": 0.0
    },
    "playerSpriteFlip": true
}